,source,author,title,description,url,urlToImage,publishedAt,content
0,"{'id': None, 'name': 'ETF Daily News'}",MarketBeat News,Mizuho Securities USA LLC Cuts Position in Alphabet Inc. (NASDAQ:GOOGL),"Mizuho Securities USA LLC cut its stake in Alphabet Inc. (NASDAQ:GOOGL – Free Report) by 16.1% during the third quarter, according to its most recent 13F filing with the Securities and Exchange Commission. The firm owned 379,925 shares of the information serv…",https://www.etfdailynews.com/2024/11/30/mizuho-securities-usa-llc-cuts-position-in-alphabet-inc-nasdaqgoogl/,https://www.americanbankingnews.com/wp-content/timthumb/timthumb.php?src=https://www.marketbeat.com/logos/google-inc-logo-1200x675.png&w=240&h=240&zc=2,2024-11-30T09:19:02Z,"Mizuho Securities USA LLC cut its stake in Alphabet Inc. (NASDAQ:GOOGL – Free Report) by 16.1% during the third quarter, according to its most recent 13F filing with the Securities and Exchange Commi… [+6632 chars]"
1,"{'id': None, 'name': 'ETF Daily News'}",MarketBeat News,Heritage Investment Group Inc. Boosts Stake in Alphabet Inc. (NASDAQ:GOOGL),"Heritage Investment Group Inc. lifted its holdings in Alphabet Inc. (NASDAQ:GOOGL – Free Report) by 23.8% in the 3rd quarter, according to its most recent Form 13F filing with the Securities and Exchange Commission (SEC). The fund owned 2,828 shares of the in…",https://www.etfdailynews.com/2024/11/30/heritage-investment-group-inc-boosts-stake-in-alphabet-inc-nasdaqgoogl/,https://www.americanbankingnews.com/wp-content/timthumb/timthumb.php?src=https://www.marketbeat.com/logos/google-inc-logo-1200x675.png&w=240&h=240&zc=2,2024-11-30T09:19:01Z,"Heritage Investment Group Inc. lifted its holdings in Alphabet Inc. (NASDAQ:GOOGL – Free Report) by 23.8% in the 3rd quarter, according to its most recent Form 13F filing with the Securities and Exch… [+6501 chars]"
2,"{'id': None, 'name': 'ETF Daily News'}",MarketBeat News,Alphabet Inc. (NASDAQ:GOOGL) Shares Purchased by Mizuho Markets Cayman LP,"Mizuho Markets Cayman LP lifted its position in Alphabet Inc. (NASDAQ:GOOGL – Free Report) by 22.7% in the third quarter, according to the company in its most recent 13F filing with the Securities & Exchange Commission. The firm owned 36,529 shares of the inf…",https://www.etfdailynews.com/2024/11/30/alphabet-inc-nasdaqgoogl-shares-purchased-by-mizuho-markets-cayman-lp/,https://www.americanbankingnews.com/wp-content/timthumb/timthumb.php?src=https://www.marketbeat.com/logos/google-inc-logo-1200x675.png&w=240&h=240&zc=2,2024-11-30T09:18:57Z,"Mizuho Markets Cayman LP lifted its position in Alphabet Inc. (NASDAQ:GOOGL – Free Report) by 22.7% in the third quarter, according to the company in its most recent 13F filing with the Securities &a… [+6069 chars]"
3,"{'id': None, 'name': 'ETF Daily News'}",MarketBeat News,Alphabet Inc. (NASDAQ:GOOGL) Stake Lifted by Koa Wealth Management LLC,"Koa Wealth Management LLC raised its position in Alphabet Inc. (NASDAQ:GOOGL – Free Report) by 0.4% during the third quarter, HoldingsChannel reports. The firm owned 38,557 shares of the information services provider’s stock after purchasing an additional 163…",https://www.etfdailynews.com/2024/11/30/alphabet-inc-nasdaqgoogl-stake-lifted-by-koa-wealth-management-llc/,https://www.americanbankingnews.com/wp-content/timthumb/timthumb.php?src=https://www.marketbeat.com/logos/google-inc-logo-1200x675.png&w=240&h=240&zc=2,2024-11-30T09:18:56Z,"Koa Wealth Management LLC raised its position in Alphabet Inc. (NASDAQ:GOOGL – Free Report) by 0.4% during the third quarter, HoldingsChannel reports. The firm owned 38,557 shares of the information … [+6357 chars]"
4,"{'id': None, 'name': 'ETF Daily News'}",MarketBeat News,Maxwell Wealth Strategies Inc. Raises Holdings in Alphabet Inc. (NASDAQ:GOOGL),"Maxwell Wealth Strategies Inc. grew its position in shares of Alphabet Inc. (NASDAQ:GOOGL – Free Report) by 20.5% in the third quarter, HoldingsChannel reports. The firm owned 29,278 shares of the information services provider’s stock after buying an addition…",https://www.etfdailynews.com/2024/11/30/maxwell-wealth-strategies-inc-raises-holdings-in-alphabet-inc-nasdaqgoogl/,https://www.americanbankingnews.com/wp-content/timthumb/timthumb.php?src=https://www.marketbeat.com/logos/google-inc-logo-1200x675.png&w=240&h=240&zc=2,2024-11-30T09:18:52Z,"Maxwell Wealth Strategies Inc. grew its position in shares of Alphabet Inc. (NASDAQ:GOOGL – Free Report) by 20.5% in the third quarter, HoldingsChannel reports. The firm owned 29,278 shares of the in… [+6669 chars]"
5,"{'id': None, 'name': 'Yahoo Entertainment'}",Myles Udland,"Microsoft FTC probe 'not a complete shocker,' analyst says",Microsoft stock was lagging behind its tech peers on Friday as investors reacted to news the company is facing a broad inquiry from the FTC.,https://finance.yahoo.com/news/microsoft-ftc-probe-not-a-complete-shocker-analyst-says-153516617.html,https://s.yimg.com/ny/api/res/1.2/I0qnOQ7PGa4tbNf8mywdyA--/YXBwaWQ9aGlnaGxhbmRlcjt3PTEyMDA7aD04MDA-/https://s.yimg.com/os/creatr-uploaded-images/2024-11/77dec4c0-ae66-11ef-b7fb-315a233393c4,2024-11-29T15:35:16Z,"Microsoft stock (MSFT) lagged its Big Tech peers on Friday after news broke late Wednesday that the Federal Trade Commission has opened a broad antitrust probe into the tech giant.
After falling as … [+2621 chars]"
6,"{'id': None, 'name': 'Biztoc.com'}",aol.com,Better Artificial Intelligence Stock: Microsoft vs. Alphabet,"The race is on for dominance in the artificial intelligence arena. Two tech titans battling for AI supremacy are Microsoft (NASDAQ: MSFT) and Google parent Alphabet (NASDAQ: GOOGL)(NASDAQ: GOOG).
Both are heavily involved in AI. Microsoft invested billions of…",https://biztoc.com/x/ef1c18b7f220c961,https://biztoc.com/cdn/ef1c18b7f220c961_s.webp,2024-11-29T10:00:09Z,The race is on for dominance in the artificial intelligence arena. Two tech titans battling for AI supremacy are Microsoft (NASDAQ: MSFT) and Google parent Alphabet (NASDAQ: GOOGL)(NASDAQ: GOOG).Both… [+144 chars]
7,"{'id': None, 'name': 'ETF Daily News'}",MarketBeat News,Tokio Marine Asset Management Co. Ltd. Has $49.66 Million Position in Alphabet Inc. (NASDAQ:GOOGL),"Tokio Marine Asset Management Co. Ltd. increased its stake in Alphabet Inc. (NASDAQ:GOOGL – Free Report) by 4.4% during the third quarter, Holdings Channel reports. The firm owned 299,400 shares of the information services provider’s stock after acquiring an …",https://www.etfdailynews.com/2024/11/29/tokio-marine-asset-management-co-ltd-has-49-66-million-position-in-alphabet-inc-nasdaqgoogl/,https://www.americanbankingnews.com/wp-content/timthumb/timthumb.php?src=https://www.marketbeat.com/logos/google-inc-logo-1200x675.png&w=240&h=240&zc=2,2024-11-29T09:34:53Z,"Tokio Marine Asset Management Co. Ltd. increased its stake in Alphabet Inc. (NASDAQ:GOOGL – Free Report) by 4.4% during the third quarter, Holdings Channel reports. The firm owned 299,400 shares of t… [+5918 chars]"
8,"{'id': None, 'name': 'ETF Daily News'}",MarketBeat News,"Curi RMB Capital LLC Purchases 11,722 Shares of Alphabet Inc. (NASDAQ:GOOGL)","Curi RMB Capital LLC raised its position in shares of Alphabet Inc. (NASDAQ:GOOGL – Free Report) by 3.6% in the third quarter, HoldingsChannel reports. The firm owned 335,698 shares of the information services provider’s stock after buying an additional 11,72…",https://www.etfdailynews.com/2024/11/29/curi-rmb-capital-llc-purchases-11722-shares-of-alphabet-inc-nasdaqgoogl/,https://www.americanbankingnews.com/wp-content/timthumb/timthumb.php?src=https://www.marketbeat.com/logos/google-inc-logo-1200x675.png&w=240&h=240&zc=2,2024-11-29T09:34:52Z,"Curi RMB Capital LLC raised its position in shares of Alphabet Inc. (NASDAQ:GOOGL – Free Report) by 3.6% in the third quarter, HoldingsChannel reports. The firm owned 335,698 shares of the informatio… [+6599 chars]"
9,"{'id': None, 'name': 'ETF Daily News'}",MarketBeat News,BluePointe Capital Management LLC Reduces Holdings in Alphabet Inc. (NASDAQ:GOOGL),"BluePointe Capital Management LLC reduced its stake in shares of Alphabet Inc. (NASDAQ:GOOGL – Free Report) by 12.3% in the third quarter, Holdings Channel reports. The firm owned 3,756 shares of the information services provider’s stock after selling 528 sha…",https://www.etfdailynews.com/2024/11/29/bluepointe-capital-management-llc-reduces-holdings-in-alphabet-inc-nasdaqgoogl/,https://www.americanbankingnews.com/wp-content/timthumb/timthumb.php?src=https://www.marketbeat.com/logos/google-inc-logo-1200x675.png&w=240&h=240&zc=2,2024-11-29T09:34:52Z,"BluePointe Capital Management LLC reduced its stake in shares of Alphabet Inc. (NASDAQ:GOOGL – Free Report) by 12.3% in the third quarter, Holdings Channel reports. The firm owned 3,756 shares of the… [+6591 chars]"
10,"{'id': None, 'name': 'ETF Daily News'}",MarketBeat News,OneDigital Investment Advisors LLC Has $45.03 Million Stock Holdings in Alphabet Inc. (NASDAQ:GOOGL),"OneDigital Investment Advisors LLC lifted its position in Alphabet Inc. (NASDAQ:GOOGL – Free Report) by 3.7% during the third quarter, according to its most recent 13F filing with the Securities and Exchange Commission (SEC). The firm owned 271,488 shares of …",https://www.etfdailynews.com/2024/11/29/onedigital-investment-advisors-llc-has-45-03-million-stock-holdings-in-alphabet-inc-nasdaqgoogl/,https://www.americanbankingnews.com/wp-content/timthumb/timthumb.php?src=https://www.marketbeat.com/logos/google-inc-logo-1200x675.png&w=240&h=240&zc=2,2024-11-29T09:34:51Z,"OneDigital Investment Advisors LLC lifted its position in Alphabet Inc. (NASDAQ:GOOGL – Free Report) by 3.7% during the third quarter, according to its most recent 13F filing with the Securities and … [+6008 chars]"
11,"{'id': None, 'name': 'ETF Daily News'}",MarketBeat News,Alphabet Inc. (NASDAQ:GOOGL) Stock Position Raised by Lifeworks Advisors LLC,"Lifeworks Advisors LLC lifted its position in Alphabet Inc. (NASDAQ:GOOGL – Free Report) by 48.7% in the 3rd quarter, Holdings Channel reports. The fund owned 7,471 shares of the information services provider’s stock after buying an additional 2,448 shares du…",https://www.etfdailynews.com/2024/11/29/alphabet-inc-nasdaqgoogl-stock-position-raised-by-lifeworks-advisors-llc/,https://www.americanbankingnews.com/wp-content/timthumb/timthumb.php?src=https://www.marketbeat.com/logos/google-inc-logo-1200x675.png&w=240&h=240&zc=2,2024-11-29T09:34:51Z,"Lifeworks Advisors LLC lifted its position in Alphabet Inc. (NASDAQ:GOOGL – Free Report) by 48.7% in the 3rd quarter, Holdings Channel reports. The fund owned 7,471 shares of the information services… [+5906 chars]"
12,"{'id': None, 'name': 'ETF Daily News'}",MarketBeat News,Dearborn Partners LLC Has $4.75 Million Holdings in Alphabet Inc. (NASDAQ:GOOGL),"Dearborn Partners LLC increased its position in shares of Alphabet Inc. (NASDAQ:GOOGL – Free Report) by 2.8% during the third quarter, according to its most recent Form 13F filing with the Securities and Exchange Commission (SEC). The firm owned 28,661 shares…",https://www.etfdailynews.com/2024/11/29/dearborn-partners-llc-has-4-75-million-holdings-in-alphabet-inc-nasdaqgoogl/,https://www.americanbankingnews.com/wp-content/timthumb/timthumb.php?src=https://www.marketbeat.com/logos/google-inc-logo-1200x675.png&w=240&h=240&zc=2,2024-11-29T09:34:50Z,"Dearborn Partners LLC increased its position in shares of Alphabet Inc. (NASDAQ:GOOGL – Free Report) by 2.8% during the third quarter, according to its most recent Form 13F filing with the Securities… [+6540 chars]"
13,"{'id': None, 'name': 'Yahoo Entertainment'}",TipRanks,AMD and Alphabet: Billionaire Steve Cohen Loads Up on 2 Big AI Stocks,"AI is booming, providing an important pillar of support for the stock market’s substantial year-to-date gains. Put into numerical terms, the tech-heavy...",https://finance.yahoo.com/news/amd-alphabet-billionaire-steve-cohen-111107963.html,https://media.zenfs.com/en/tipranks_452/0aa575a5165fb1a9c906508c05c1018d,2024-11-28T11:11:07Z,"AI is booming, providing an important pillar of support for the stock markets substantial year-to-date gains. Put into numerical terms, the tech-heavy NASDAQ composite index, which features many of t… [+8963 chars]"
14,"{'id': None, 'name': 'ETF Daily News'}",MarketBeat News,Bell Bank Increases Stock Holdings in Alphabet Inc. (NASDAQ:GOOGL),"Bell Bank grew its stake in Alphabet Inc. (NASDAQ:GOOGL – Free Report) by 17.5% in the 3rd quarter, HoldingsChannel.com reports. The institutional investor owned 38,989 shares of the information services provider’s stock after buying an additional 5,817 share…",https://www.etfdailynews.com/2024/11/28/bell-bank-increases-stock-holdings-in-alphabet-inc-nasdaqgoogl/,https://www.americanbankingnews.com/wp-content/timthumb/timthumb.php?src=https://www.marketbeat.com/logos/google-inc-logo-1200x675.png&w=240&h=240&zc=2,2024-11-28T08:12:57Z,"Bell Bank grew its stake in Alphabet Inc. (NASDAQ:GOOGL – Free Report) by 17.5% in the 3rd quarter, HoldingsChannel.com reports. The institutional investor owned 38,989 shares of the information serv… [+5918 chars]"
15,"{'id': None, 'name': 'ETF Daily News'}",MarketBeat News,"ICICI Prudential Asset Management Co Ltd Purchases 4,630 Shares of Alphabet Inc. (NASDAQ:GOOGL)","ICICI Prudential Asset Management Co Ltd raised its position in Alphabet Inc. (NASDAQ:GOOGL – Free Report) by 18.5% during the third quarter, according to the company in its most recent disclosure with the SEC. The firm owned 29,612 shares of the information …",https://www.etfdailynews.com/2024/11/28/icici-prudential-asset-management-co-ltd-purchases-4630-shares-of-alphabet-inc-nasdaqgoogl/,https://www.americanbankingnews.com/wp-content/timthumb/timthumb.php?src=https://www.marketbeat.com/logos/google-inc-logo-1200x675.png&w=240&h=240&zc=2,2024-11-28T08:12:56Z,"ICICI Prudential Asset Management Co Ltd raised its position in Alphabet Inc. (NASDAQ:GOOGL – Free Report) by 18.5% during the third quarter, according to the company in its most recent disclosure wi… [+6500 chars]"
16,"{'id': None, 'name': 'ETF Daily News'}",MarketBeat News,Firetrail Investments PTY Ltd. Has $16.32 Million Stock Holdings in Alphabet Inc. (NASDAQ:GOOGL),"Firetrail Investments PTY Ltd. lifted its position in Alphabet Inc. (NASDAQ:GOOGL – Free Report) by 0.7% in the third quarter, Holdings Channel.com reports. The institutional investor owned 98,512 shares of the information services provider’s stock after buyi…",https://www.etfdailynews.com/2024/11/28/firetrail-investments-pty-ltd-has-16-32-million-stock-holdings-in-alphabet-inc-nasdaqgoogl/,https://www.americanbankingnews.com/wp-content/timthumb/timthumb.php?src=https://www.marketbeat.com/logos/google-inc-logo-1200x675.png&w=240&h=240&zc=2,2024-11-28T08:12:56Z,"Firetrail Investments PTY Ltd. lifted its position in Alphabet Inc. (NASDAQ:GOOGL – Free Report) by 0.7% in the third quarter, Holdings Channel.com reports. The institutional investor owned 98,512 sh… [+6109 chars]"
17,"{'id': None, 'name': 'ETF Daily News'}",MarketBeat News,"Bouvel Investment Partners LLC Sells 15,372 Shares of Alphabet Inc. (NASDAQ:GOOGL)","Bouvel Investment Partners LLC lessened its position in Alphabet Inc. (NASDAQ:GOOGL – Free Report) by 39.3% during the 3rd quarter, HoldingsChannel reports. The institutional investor owned 23,787 shares of the information services provider’s stock after sell…",https://www.etfdailynews.com/2024/11/28/bouvel-investment-partners-llc-sells-15372-shares-of-alphabet-inc-nasdaqgoogl/,https://www.americanbankingnews.com/wp-content/timthumb/timthumb.php?src=https://www.marketbeat.com/logos/google-inc-logo-1200x675.png&w=240&h=240&zc=2,2024-11-28T08:12:56Z,"Bouvel Investment Partners LLC lessened its position in Alphabet Inc. (NASDAQ:GOOGL – Free Report) by 39.3% during the 3rd quarter, HoldingsChannel reports. The institutional investor owned 23,787 sh… [+6600 chars]"
18,"{'id': None, 'name': 'ETF Daily News'}",MarketBeat News,"Oppenheimer Asset Management Inc. Sells 31,757 Shares of Alphabet Inc. (NASDAQ:GOOGL)","Oppenheimer Asset Management Inc. trimmed its position in Alphabet Inc. (NASDAQ:GOOGL – Free Report) by 6.8% in the 3rd quarter, Holdings Channel reports. The firm owned 433,923 shares of the information services provider’s stock after selling 31,757 shares d…",https://www.etfdailynews.com/2024/11/28/oppenheimer-asset-management-inc-sells-31757-shares-of-alphabet-inc-nasdaqgoogl/,https://www.americanbankingnews.com/wp-content/timthumb/timthumb.php?src=https://www.marketbeat.com/logos/google-inc-logo-1200x675.png&w=240&h=240&zc=2,2024-11-28T08:12:56Z,"Oppenheimer Asset Management Inc. trimmed its position in Alphabet Inc. (NASDAQ:GOOGL – Free Report) by 6.8% in the 3rd quarter, Holdings Channel reports. The firm owned 433,923 shares of the informa… [+6532 chars]"
19,"{'id': None, 'name': 'ETF Daily News'}",MarketBeat News,Alphabet Inc. (NASDAQ:GOOGL) Shares Acquired by Saturna Capital Corp,"Saturna Capital Corp lifted its holdings in Alphabet Inc. (NASDAQ:GOOGL – Free Report) by 0.3% during the third quarter, according to its most recent 13F filing with the Securities & Exchange Commission. The fund owned 1,430,995 shares of the information serv…",https://www.etfdailynews.com/2024/11/28/alphabet-inc-nasdaqgoogl-shares-acquired-by-saturna-capital-corp/,https://www.americanbankingnews.com/wp-content/timthumb/timthumb.php?src=https://www.marketbeat.com/logos/google-inc-logo-1200x675.png&w=240&h=240&zc=2,2024-11-28T08:12:55Z,"Saturna Capital Corp lifted its holdings in Alphabet Inc. (NASDAQ:GOOGL – Free Report) by 0.3% during the third quarter, according to its most recent 13F filing with the Securities &amp; Exchange Com… [+6163 chars]"
20,"{'id': None, 'name': 'Motley Fool Australia'}",Bronwyn Allen,Which ASX mining shares make it into the passive income elite globally?,"Clue: BHP isn't one of them. 
The post Which ASX mining shares make it into the passive income elite globally? appeared first on The Motley Fool Australia.",https://www.fool.com.au/2024/11/28/which-asx-mining-shares-make-it-into-the-passive-income-elite-globally/,https://www.fool.com.au/wp-content/uploads/2021/08/dividends-4-1200x675.jpg,2024-11-28T03:05:49Z,"ASX mining shares inevitably come to mind when we think of the Australian share market's top dividend payers. 
Fortescue Ltd (ASX: FMG), BHP Group Ltd (ASX: BHP), and Rio Tinto Ltd (ASX: RIO) are am… [+3335 chars]"
21,"{'id': 'financial-post', 'name': 'Financial Post'}",GlobeNewswire,Purpose Investments Inc. Announces 2024 Estimated Annual Income and Capital Gains Distributions,"TORONTO, Nov. 27, 2024 (GLOBE NEWSWIRE) — Purpose Investments Inc. (“Purpose”) today announced the estimated annual distributions of income and capital gains for its open-end exchange-traded funds and closed-end funds (the “Funds”) for the 2024 tax year. The …",https://financialpost.com/globe-newswire/purpose-investments-inc-announces-2024-estimated-annual-income-and-capital-gains-distributions,,2024-11-28T01:03:53Z,"Author of the article:
Article content
TORONTO, Nov. 27, 2024 (GLOBE NEWSWIRE) Purpose Investments Inc. (Purpose) today announced the estimated annual distributions of income and capital gains for … [+13829 chars]"
22,"{'id': None, 'name': 'GlobeNewswire'}",Purpose Investments Inc.,Purpose Investments Inc. Announces 2024 Estimated Annual Income and Capital Gains Distributions,"TORONTO, Nov. 27, 2024 (GLOBE NEWSWIRE) -- Purpose Investments Inc. (“Purpose”) today announced the estimated annual distributions of income and capital gains for its open-end exchange-traded funds and closed-end funds (the “Funds”) for the 2024 tax year. The…",https://www.globenewswire.com/news-release/2024/11/28/2988484/0/en/Purpose-Investments-Inc-Announces-2024-Estimated-Annual-Income-and-Capital-Gains-Distributions.html,https://ml.globenewswire.com/Resource/Download/a28192cb-6294-4424-8c24-646fee2c81cd,2024-11-28T01:00:00Z,"TORONTO, Nov. 27, 2024 (GLOBE NEWSWIRE) -- Purpose Investments Inc. (Purpose) today announced the estimated annual distributions of income and capital gains for its open-end exchange-traded funds and… [+10772 chars]"
23,"{'id': None, 'name': 'Stockcharts.com'}",Jayanthi Gopalakrishnan,Navigating Holiday Stock Market Changes: Turn Sentiment Shifts into Successes,"The day before Thanksgiving, the stock market took a little breather. But the weekly performance was still impressive.The Dow Jones Industrial Average ($INDU) remains the broader index leader, rising 0.96% for the week. The S&P 500 ($SPX) and the Nasdaq Compo…",https://stockcharts.com/articles/chartwatchers/2024/11/navigating-holiday-stock-marke-898.html,https://stockcharts.com/img/articles/2024/11/27/89414e8e-f604-43de-941a-19374e393244.jpg,2024-11-27T22:14:51Z,"<ul><li>The broader stock market indexes take a breather.</li></ul>
The day before Thanksgiving, the stock market took a little breather. But the weekly performance was still impressive.
The Dow Jo… [+4804 chars]"
24,"{'id': None, 'name': ""Investor's Business Daily""}","VIDYA RAMAKRISHNAN, Investor's Business Daily","Dow Jones Slides, Nvidia Falters As Trump Rally Sputters; Warren Buffett's Berkshire Hits All-Time High (Live Coverage)",The Dow Jones and other indexes were down Wednesday after October's inflation data. Nvidia broke a key level on the stock market today.,https://www.investors.com/market-trend/stock-market-today/dow-jones-sp500-nasdaq-dow-jones-nvidia-stock/,https://www.investors.com/wp-content/uploads/2024/06/Stock-WarrenBuffettwave-01-shutt.jpg,2024-11-27T21:09:19Z,The Dow Jones Industrial Average and other major indexes reversed lower Wednesday as the postelection Trump rally sputtered ahead of the Thanksgiving holiday. Indexes fell in the stock market today a… [+6686 chars]
25,"{'id': None, 'name': 'Observer'}","Alexandra Tremayne-Pengelly, Alexandra Tremayne-Pengelly",Eric Schmidt Is Worried About A.I. Risks to ‘Highly Suggestible’ Young People,"The rise of A.I. friends or girlfriends amongst young men is an ""unexpected problem"" of A.I., according to the ex-Google CEO.",https://observer.com/2024/11/eric-schmidt-young-men-especially-vulnerable-ai-risks/,https://observer.com/wp-content/uploads/sites/2/2024/11/GettyImages-2150019808.jpg?quality=80,2024-11-27T19:57:39Z,"Eric Schmidt previously headed Google for a decade. Jemal Countess/Getty Images for TIME
What do you get when you combine a loneliness epidemic with the advent of A.I.? According to Eric Schmidt, fo… [+3472 chars]"
26,"{'id': None, 'name': 'Biztoc.com'}",benzinga.com,"Market Clubhouse Morning Memo - November 27th, 2024 (Trade Strategy For SPY, QQQ, AAPL, MSFT, NVDA, GOOGL, META And TSLA)","Good Morning Traders! In today's Market Clubhouse Morning Memo, we will discuss SPY, QQQ, AAPL, MSFT, NVDA, GOOGL, META, and TSLA.
Our proprietary formula, exclusive to Market Clubhouse, dictates these price levels. This dynamic equation takes into account pr…",https://biztoc.com/x/fccda99d8619c7cd,https://biztoc.com/cdn/fccda99d8619c7cd_s.webp,2024-11-27T18:33:00Z,"Good Morning Traders! In today's Market Clubhouse Morning Memo, we will discuss SPY, QQQ, AAPL, MSFT, NVDA, GOOGL, META, and TSLA.Our proprietary formula, exclusive to Market Clubhouse, dictates thes… [+141 chars]"
27,"{'id': None, 'name': ""Investor's Business Daily""}","PATRICK SEITZ, Investor's Business Daily",SoundHound Makes Itself Heard On Wall Street With Voice AI,SoundHound AI is giving a voice to artificial intelligence. And that opportunity has fueled interest in SoundHound stock.,https://www.investors.com/news/technology/soundhound-stock-voice-ai-advancements/,https://www.investors.com/wp-content/uploads/2024/11/Stock-SoundHoudAI-WhiteCastle-01-company.jpg,2024-11-27T13:00:50Z,"SoundHound AI (SOUN) is giving a voice to artificial intelligence. And the AI voice tech company is making itself heard on Wall Street, where the spotlight on SoundHound stock is growing.
The path t… [+5577 chars]"
28,"{'id': None, 'name': 'Biztoc.com'}",aol.com,Is Alphabet Stock a Buy Now?,"Shares of Google parent Alphabet (NASDAQ: GOOGL)(NASDAQ: GOOG) were on an upswing earlier this year. The stock rose from a 52-week low of $127.90 last December to hit a high of $191.75 in July.
But in August, a federal court ruled that the way the company was…",https://biztoc.com/x/2adb89de41d07977,https://biztoc.com/cdn/2adb89de41d07977_s.webp,2024-11-27T12:29:42Z,Shares of Google parent Alphabet (NASDAQ: GOOGL)(NASDAQ: GOOG) were on an upswing earlier this year. The stock rose from a 52-week low of $127.90 last December to hit a high of $191.75 in July.But in… [+146 chars]
29,"{'id': None, 'name': 'GlobeNewswire'}",YieldMax,"YieldMax™ ETFs Announces Distributions on YBIT (115.71%), TSLY (103.42%), SNOY (101.96%), YMAX (87.35%), YMAG (54.24%) and Others","YieldMax™ ETFs Announces Distributions on YBIT (115.71%), TSLY (103.42%), SNOY (101.96%), YMAX (87.35%), YMAG (54.24%) and Others......",https://www.globenewswire.com/news-release/2024/11/27/2988090/0/en/YieldMax-ETFs-Announces-Distributions-on-YBIT-115-71-TSLY-103-42-SNOY-101-96-YMAX-87-35-YMAG-54-24-and-Others.html,https://ml.globenewswire.com/Resource/Download/85b1a71e-663e-4de3-acbf-931582738c88,2024-11-27T11:55:00Z,"CHICAGO and MILWAUKEE and NEW YORK, Nov. 27, 2024 (GLOBE NEWSWIRE) -- YieldMax today announced distributions for the YieldMax ETFs listed in the table below.
<table><tr><td>ETFTicker1</td><td>ETF Na… [+26575 chars]"
30,"{'id': None, 'name': 'MarketWatch'}",Philip van Doorn,Trump’s return should favor growth stocks. Here are 10 with the most upside.,Quantitative strategists at Jefferies expect Donald Trump’s return as president to enable a continued run for growth stocks; they suggest avoiding value as...,https://www.marketwatch.com/story/trumps-return-should-favor-growth-stocks-here-are-10-with-the-most-upside-c99cf800,https://s.yimg.com/ny/api/res/1.2/ps6RDfVX6N_vTmQqeMcG5Q--/YXBwaWQ9aGlnaGxhbmRlcjt3PTEyMDA7aD02MDA-/https://media.zenfs.com/en/marketwatch_hosted_869/af4e1e6322de3b5ccaaa5e614cbf3b9f,2024-11-27T09:45:00Z,Jefferies Global Head of Quantitative Desh Peramunetilleke expects the first half of Donald Trumps next term in the White House to favor growth stocks over value stocks. - MarketWatch photo illustrat… [+4746 chars]
31,"{'id': None, 'name': 'ETF Daily News'}",MarketBeat News,Chase Investment Counsel Corp Reduces Stake in Alphabet Inc. (NASDAQ:GOOGL),"Chase Investment Counsel Corp decreased its holdings in shares of Alphabet Inc. (NASDAQ:GOOGL – Free Report) by 29.7% in the 3rd quarter, according to the company in its most recent filing with the Securities and Exchange Commission. The institutional investo…",https://www.etfdailynews.com/2024/11/27/chase-investment-counsel-corp-reduces-stake-in-alphabet-inc-nasdaqgoogl/,https://www.americanbankingnews.com/wp-content/timthumb/timthumb.php?src=https://www.marketbeat.com/logos/google-inc-logo-1200x675.png&w=240&h=240&zc=2,2024-11-27T09:26:49Z,"Chase Investment Counsel Corp decreased its holdings in shares of Alphabet Inc. (NASDAQ:GOOGL – Free Report) by 29.7% in the 3rd quarter, according to the company in its most recent filing with the S… [+6694 chars]"
32,"{'id': None, 'name': 'ETF Daily News'}",MarketBeat News,"Savvy Advisors Inc. Buys 2,685 Shares of Alphabet Inc. (NASDAQ:GOOGL)","Savvy Advisors Inc. raised its position in Alphabet Inc. (NASDAQ:GOOGL – Free Report) by 27.5% in the 3rd quarter, according to its most recent Form 13F filing with the SEC. The institutional investor owned 12,445 shares of the information services provider’s…",https://www.etfdailynews.com/2024/11/27/savvy-advisors-inc-buys-2685-shares-of-alphabet-inc-nasdaqgoogl/,https://www.americanbankingnews.com/wp-content/timthumb/timthumb.php?src=https://www.marketbeat.com/logos/google-inc-logo-1200x675.png&w=240&h=240&zc=2,2024-11-27T08:48:51Z,"Savvy Advisors Inc. raised its position in Alphabet Inc. (NASDAQ:GOOGL – Free Report) by 27.5% in the 3rd quarter, according to its most recent Form 13F filing with the SEC. The institutional investo… [+5964 chars]"
33,"{'id': None, 'name': 'ETF Daily News'}",MarketBeat News,"Baillie Gifford & Co. Sells 168,908 Shares of Alphabet Inc. (NASDAQ:GOOGL)","Baillie Gifford & Co. lessened its holdings in Alphabet Inc. (NASDAQ:GOOGL – Free Report) by 17.1% in the 3rd quarter, according to the company in its most recent 13F filing with the Securities and Exchange Commission. The fund owned 818,898 shares of the inf…",https://www.etfdailynews.com/2024/11/27/baillie-gifford-co-sells-168908-shares-of-alphabet-inc-nasdaqgoogl/,https://www.americanbankingnews.com/wp-content/timthumb/timthumb.php?src=https://www.marketbeat.com/logos/google-inc-logo-1200x675.png&w=240&h=240&zc=2,2024-11-27T08:48:49Z,"Baillie Gifford &amp; Co. lessened its holdings in Alphabet Inc. (NASDAQ:GOOGL – Free Report) by 17.1% in the 3rd quarter, according to the company in its most recent 13F filing with the Securities a… [+6796 chars]"
34,"{'id': None, 'name': 'ETF Daily News'}",MarketBeat News,Cumberland Partners Ltd Reduces Stock Position in Alphabet Inc. (NASDAQ:GOOGL),"Cumberland Partners Ltd cut its position in Alphabet Inc. (NASDAQ:GOOGL – Free Report) by 12.8% during the third quarter, Holdings Channel reports. The firm owned 114,996 shares of the information services provider’s stock after selling 16,911 shares during t…",https://www.etfdailynews.com/2024/11/27/cumberland-partners-ltd-reduces-stock-position-in-alphabet-inc-nasdaqgoogl/,https://www.americanbankingnews.com/wp-content/timthumb/timthumb.php?src=https://www.marketbeat.com/logos/google-inc-logo-1200x675.png&w=240&h=240&zc=2,2024-11-27T08:48:49Z,"Cumberland Partners Ltd cut its position in Alphabet Inc. (NASDAQ:GOOGL – Free Report) by 12.8% during the third quarter, Holdings Channel reports. The firm owned 114,996 shares of the information se… [+6557 chars]"
35,"{'id': None, 'name': 'ETF Daily News'}",MarketBeat News,Alphabet Inc. (NASDAQ:GOOGL) Shares Sold by Buck Wealth Strategies LLC,"Buck Wealth Strategies LLC lessened its stake in shares of Alphabet Inc. (NASDAQ:GOOGL – Free Report) by 10.1% during the third quarter, according to the company in its most recent disclosure with the Securities and Exchange Commission (SEC). The institutiona…",https://www.etfdailynews.com/2024/11/27/alphabet-inc-nasdaqgoogl-shares-sold-by-buck-wealth-strategies-llc/,https://www.americanbankingnews.com/wp-content/timthumb/timthumb.php?src=https://www.marketbeat.com/logos/google-inc-logo-1200x675.png&w=240&h=240&zc=2,2024-11-27T08:08:47Z,"Buck Wealth Strategies LLC lessened its stake in shares of Alphabet Inc. (NASDAQ:GOOGL – Free Report) by 10.1% during the third quarter, according to the company in its most recent disclosure with th… [+6261 chars]"
36,"{'id': None, 'name': ""Investor's Business Daily""}","ED CARSON, Investor's Business Daily",Dow Jones Futures: S&P 500 Hits Highs As Bitcoin Skids; CrowdStrike Leads Movers Late,Amazon and megacaps helped the major indexes offset weak breadth.,https://www.investors.com/market-trend/stock-market-today/dow-jones-futures-sp500-bitcoin-crowdstrike-earnings-movers/,https://www.investors.com/wp-content/uploads/2020/08/Stock-robotgiant-01-adobe.jpg,2024-11-27T03:52:44Z,"Dow Jones futures were little changed overnight, along with S&amp;P 500 futures and Nasdaq futures. CrowdStrike (CRWD) headlined a busy Tuesday night earnings lineup.
The stock market rally saw mode… [+6924 chars]"
37,"{'id': None, 'name': 'Observer'}","Victor Dey, Victor Dey",A.I. Agents Are Here: What Are They and Will They Take Away Human Jobs?,"Observer spoke to tech leaders and experts, including Lenovo Group CEO Yang Yuanqing.",https://observer.com/2024/11/agentic-ai-job-replacement/,https://observer.com/wp-content/uploads/sites/2/2024/11/philip-oroni-DPnsHsLep2M-unsplash.jpg?quality=80,2024-11-27T01:55:41Z,"Large tech companies are racing to develop A.I. agents. Philip Oroni/Unsplash
Imagine having an A.I. assistant that knows you so well that it can handle your everyday tasks without you lifting a fin… [+4618 chars]"
38,"{'id': None, 'name': 'Biztoc.com'}",theglobeandmail.com,Google to tweak search results on platform in Europe after complaints from rivals,Google plans to make adjustments to displaying search results on its platform in Europe after some smaller rivals complained about lower traffic to their sites following previous tweaks by the Alphabet GOOGL-Q unit and as EU regulators probe whether the compa…,https://biztoc.com/x/957a6c09830fdb38,https://biztoc.com/cdn/957a6c09830fdb38_s.webp,2024-11-26T13:49:03Z,Google plans to make adjustments to displaying search results on its platform in Europe after some smaller rivals complained about lower traffic to their sites following previous tweaks by the Alphab… [+144 chars]
39,"{'id': None, 'name': 'ETF Daily News'}",MarketBeat News,Alphabet Inc. (NASDAQ:GOOGL) Holdings Lessened by Jupiter Wealth Management LLC,"Jupiter Wealth Management LLC reduced its holdings in shares of Alphabet Inc. (NASDAQ:GOOGL – Free Report) by 0.1% in the third quarter, Holdings Channel reports. The institutional investor owned 98,487 shares of the information services provider’s stock afte…",https://www.etfdailynews.com/2024/11/26/alphabet-inc-nasdaqgoogl-holdings-lessened-by-jupiter-wealth-management-llc/,https://www.americanbankingnews.com/wp-content/timthumb/timthumb.php?src=https://www.marketbeat.com/logos/google-inc-logo-1200x675.png&w=240&h=240&zc=2,2024-11-26T09:28:59Z,"Jupiter Wealth Management LLC reduced its holdings in shares of Alphabet Inc. (NASDAQ:GOOGL – Free Report) by 0.1% in the third quarter, Holdings Channel reports. The institutional investor owned 98,… [+6616 chars]"
40,"{'id': None, 'name': 'ETF Daily News'}",MarketBeat News,"Harbour Investments Inc. Purchases 1,079 Shares of Alphabet Inc. (NASDAQ:GOOGL)","Harbour Investments Inc. grew its holdings in Alphabet Inc. (NASDAQ:GOOGL – Free Report) by 2.0% during the 3rd quarter, according to its most recent filing with the Securities and Exchange Commission. The fund owned 53,930 shares of the information services …",https://www.etfdailynews.com/2024/11/26/harbour-investments-inc-purchases-1079-shares-of-alphabet-inc-nasdaqgoogl/,https://www.americanbankingnews.com/wp-content/timthumb/timthumb.php?src=https://www.marketbeat.com/logos/google-inc-logo-1200x675.png&w=240&h=240&zc=2,2024-11-26T09:28:59Z,"Harbour Investments Inc. grew its holdings in Alphabet Inc. (NASDAQ:GOOGL – Free Report) by 2.0% during the 3rd quarter, according to its most recent filing with the Securities and Exchange Commissio… [+6545 chars]"
41,"{'id': None, 'name': 'ETF Daily News'}",MarketBeat News,Alphabet Inc. (NASDAQ:GOOGL) Shares Bought by Laffer Tengler Investments Inc.,"Laffer Tengler Investments Inc. boosted its stake in Alphabet Inc. (NASDAQ:GOOGL – Free Report) by 17.2% in the 3rd quarter, according to its most recent filing with the SEC. The fund owned 49,138 shares of the information services provider’s stock after purc…",https://www.etfdailynews.com/2024/11/26/alphabet-inc-nasdaqgoogl-shares-bought-by-laffer-tengler-investments-inc/,https://www.americanbankingnews.com/wp-content/timthumb/timthumb.php?src=https://www.marketbeat.com/logos/google-inc-logo-1200x675.png&w=240&h=240&zc=2,2024-11-26T09:28:58Z,"Laffer Tengler Investments Inc. boosted its stake in Alphabet Inc. (NASDAQ:GOOGL – Free Report) by 17.2% in the 3rd quarter, according to its most recent filing with the SEC. The fund owned 49,138 sh… [+6689 chars]"
42,"{'id': None, 'name': 'ETF Daily News'}",MarketBeat News,Venturi Wealth Management LLC Boosts Holdings in Alphabet Inc. (NASDAQ:GOOGL),"Venturi Wealth Management LLC grew its position in shares of Alphabet Inc. (NASDAQ:GOOGL – Free Report) by 11.8% in the third quarter, Holdings Channel reports. The institutional investor owned 140,901 shares of the information services provider’s stock after…",https://www.etfdailynews.com/2024/11/26/venturi-wealth-management-llc-boosts-holdings-in-alphabet-inc-nasdaqgoogl/,https://www.americanbankingnews.com/wp-content/timthumb/timthumb.php?src=https://www.marketbeat.com/logos/google-inc-logo-1200x675.png&w=240&h=240&zc=2,2024-11-26T09:28:58Z,"Venturi Wealth Management LLC grew its position in shares of Alphabet Inc. (NASDAQ:GOOGL – Free Report) by 11.8% in the third quarter, Holdings Channel reports. The institutional investor owned 140,9… [+6830 chars]"
43,"{'id': None, 'name': 'ETF Daily News'}",MarketBeat News,Meixler Investment Management Ltd. Sells 942 Shares of Alphabet Inc. (NASDAQ:GOOGL),"Meixler Investment Management Ltd. cut its stake in Alphabet Inc. (NASDAQ:GOOGL – Free Report) by 23.8% during the 3rd quarter, according to its most recent Form 13F filing with the Securities and Exchange Commission (SEC). The firm owned 3,017 shares of the …",https://www.etfdailynews.com/2024/11/26/meixler-investment-management-ltd-sells-942-shares-of-alphabet-inc-nasdaqgoogl/,https://www.americanbankingnews.com/wp-content/timthumb/timthumb.php?src=https://www.marketbeat.com/logos/google-inc-logo-1200x675.png&w=240&h=240&zc=2,2024-11-26T09:28:57Z,"Meixler Investment Management Ltd. cut its stake in Alphabet Inc. (NASDAQ:GOOGL – Free Report) by 23.8% during the 3rd quarter, according to its most recent Form 13F filing with the Securities and Ex… [+5850 chars]"
44,"{'id': None, 'name': 'Yahoo Entertainment'}",Daniel Howley,How a breakup could upend Google (and the tech world),The biggest threat to Google as it faces a proposed breakup of its empire are the limitations placed on a $175 billion search engine business that drives...,https://finance.yahoo.com/news/how-a-breakup-could-upend-google-and-the-tech-world-090006524.html,https://s.yimg.com/ny/api/res/1.2/Tf4CPjeV4J40cJm8l3zJGg--/YXBwaWQ9aGlnaGxhbmRlcjt3PTEyMDA7aD04MDA-/https://s.yimg.com/os/creatr-uploaded-images/2022-01/8b02bf30-801e-11ec-a57f-a33bb755a101,2024-11-26T09:00:06Z,"Google has a lot at stake if the Justice Department succeeds in breaking up its empire, from control over its search data and Android operating system to the loss of its Chrome browser.But the bigges… [+7294 chars]"
45,"{'id': None, 'name': 'ETF Daily News'}",MarketBeat News,First National Trust Co Sells 164 Shares of Alphabet Inc. (NASDAQ:GOOGL),"First National Trust Co trimmed its stake in Alphabet Inc. (NASDAQ:GOOGL – Free Report) by 0.1% during the third quarter, Holdings Channel.com reports. The fund owned 285,372 shares of the information services provider’s stock after selling 164 shares during …",https://www.etfdailynews.com/2024/11/26/first-national-trust-co-sells-164-shares-of-alphabet-inc-nasdaqgoogl/,https://www.americanbankingnews.com/wp-content/timthumb/timthumb.php?src=https://www.marketbeat.com/logos/google-inc-logo-1200x675.png&w=240&h=240&zc=2,2024-11-26T08:51:00Z,"First National Trust Co trimmed its stake in Alphabet Inc. (NASDAQ:GOOGL – Free Report) by 0.1% during the third quarter, Holdings Channel.com reports. The fund owned 285,372 shares of the informatio… [+6006 chars]"
46,"{'id': None, 'name': 'ETF Daily News'}",MarketBeat News,Opinicus Capital Inc. Has $1.09 Million Stake in Alphabet Inc. (NASDAQ:GOOGL),"Opinicus Capital Inc. trimmed its stake in shares of Alphabet Inc. (NASDAQ:GOOGL – Free Report) by 4.4% in the third quarter, HoldingsChannel.com reports. The fund owned 6,541 shares of the information services provider’s stock after selling 304 shares during…",https://www.etfdailynews.com/2024/11/26/opinicus-capital-inc-has-1-09-million-stake-in-alphabet-inc-nasdaqgoogl/,https://www.americanbankingnews.com/wp-content/timthumb/timthumb.php?src=https://www.marketbeat.com/logos/google-inc-logo-1200x675.png&w=240&h=240&zc=2,2024-11-26T08:11:03Z,"Opinicus Capital Inc. trimmed its stake in shares of Alphabet Inc. (NASDAQ:GOOGL – Free Report) by 4.4% in the third quarter, HoldingsChannel.com reports. The fund owned 6,541 shares of the informati… [+5814 chars]"
47,"{'id': None, 'name': 'ETF Daily News'}",MarketBeat News,"GSA Capital Partners LLP Buys 19,866 Shares of Alphabet Inc. (NASDAQ:GOOGL)","GSA Capital Partners LLP raised its stake in Alphabet Inc. (NASDAQ:GOOGL – Free Report) by 128.3% during the 3rd quarter, HoldingsChannel reports. The firm owned 35,356 shares of the information services provider’s stock after acquiring an additional 19,866 s…",https://www.etfdailynews.com/2024/11/26/gsa-capital-partners-llp-buys-19866-shares-of-alphabet-inc-nasdaqgoogl/,https://www.americanbankingnews.com/wp-content/timthumb/timthumb.php?src=https://www.marketbeat.com/logos/google-inc-logo-1200x675.png&w=240&h=240&zc=2,2024-11-26T08:11:01Z,"GSA Capital Partners LLP raised its stake in Alphabet Inc. (NASDAQ:GOOGL – Free Report) by 128.3% during the 3rd quarter, HoldingsChannel reports. The firm owned 35,356 shares of the information serv… [+6756 chars]"
48,"{'id': None, 'name': ""Investor's Business Daily""}","SCOTT LEHTONEN, Investor's Business Daily",Dow Jones Futures Fall: Nvidia Stock Tumbles To Key Level; Fed Inflation Data Looms,"Tesla reversed lower after hitting a new high, while Apple is nearing a buy point.",https://www.investors.com/market-trend/stock-market-today/dow-jones-nvidia-stock-nvda-fed-inflation-data/,https://www.investors.com/wp-content/uploads/2024/07/Stock-Nvidia-dgxcloud-04-company.jpg,2024-11-26T00:17:21Z,"Dow Jones futures, along with S&amp;P 500 futures and Nasdaq 100 futures, were lower ahead of Tuesday's stock market open, as Nvidia (NVDA) sold off for a second straight session, while the Federal R… [+6199 chars]"
49,"{'id': None, 'name': 'Quartz India'}",Britney Nguyen,"Meta could outdo Google in the AI transformation, professor says","Despite being one of the pioneers of artificial intelligence research, Google (GOOGL) isn’t poised to be a winner of the transformation, according to a business professor.Read more...",https://qz.com/meta-supercharge-ai-advertising-google-undermine-search-1851707559,"https://i.kinja-img.com/image/upload/c_fill,h_675,pg_1,q_80,w_1200/e52ee001ef39aa16c3bc1d1e936789a2.jpg",2024-11-25T23:01:00Z,"In This Story
Despite being one of the pioneers of artificial intelligence research, Google (GOOGL+1.72%
) isnt poised to be a winner of the transformation, according to a business professor.
Whil… [+2152 chars]"
50,"{'id': None, 'name': 'Yahoo Entertainment'}",Karen Friar,Stock market today: Dow leaps 400 points to fresh high as Wall Street cheers Trump's pick of Scott Bessent,Trump's choice of Scott Bessent for Treasury secretary is buoying spirits at the start of a holiday-shortened week.,https://finance.yahoo.com/news/live/stock-market-today-dow-leaps-400-points-to-fresh-high-as-wall-street-cheers-trumps-pick-of-scott-bessent-210043056.html,https://s.yimg.com/ny/api/res/1.2/fyujKr71YM_Czg7OqoYJTw--/YXBwaWQ9aGlnaGxhbmRlcjt3PTEyMDA7aD04MDA-/https://s.yimg.com/os/creatr-uploaded-images/2024-03/eded1750-e4f6-11ee-bff4-f1005a25b612,2024-11-25T21:00:43Z,US stocks rose on Monday as small caps rallied near new highs and the Dow Jones Industrial Average (^DJI) rose more than 400 points amid a broad sense of optimism over President-elect Donald Trump's … [+9350 chars]
51,"{'id': None, 'name': 'Biztoc.com'}",benzinga.com,"Market Clubhouse Morning Memo - November 25th, 2024 (Trade Strategy For SPY, QQQ, AAPL, MSFT, NVDA, GOOGL, META And TSLA)","Good Morning Traders! In today's Market Clubhouse Morning Memo, we will discuss SPY, QQQ, AAPL, MSFT, NVDA, GOOGL, META, and TSLA.
Our proprietary formula, exclusive to Market Clubhouse, dictates these price levels. This dynamic equation takes into account pr…",https://biztoc.com/x/d2382c2e7950d9ba,https://biztoc.com/cdn/d2382c2e7950d9ba_s.webp,2024-11-25T17:20:18Z,"Good Morning Traders! In today's Market Clubhouse Morning Memo, we will discuss SPY, QQQ, AAPL, MSFT, NVDA, GOOGL, META, and TSLA.Our proprietary formula, exclusive to Market Clubhouse, dictates thes… [+141 chars]"
52,"{'id': None, 'name': ""Investor's Business Daily""}","SCOTT LEHTONEN, Investor's Business Daily",Dow Jones Futures Rallies 300 Points As Tesla Nears New High; Bitcoin Stock MicroStrategy Jumps,Key earnings reports this week include Burlington Stores and CrowdStrike.,https://www.investors.com/market-trend/stock-market-today/dow-jones-tesla-tsla-bitcoin-microstrategy-mstr/,https://www.investors.com/wp-content/uploads/2024/11/Stock-wallstreetnyseflag-30-shutt.jpg,2024-11-25T13:30:08Z,"The Dow Jones Industrial Average and other major stock indexes traded higher Monday, as Tesla (TSLA) rallied near a new high. Another gainer was bitcoin stock MicroStrategy (MSTR), which continued to… [+5779 chars]"
53,"{'id': None, 'name': 'Quartz India'}",Rocio Fabbro,A Google poll says pretty much all of Gen Z is using AI for work,Most Gen Z and millennial knowledge workers are already using artificial intelligence tools in one capacity or another at work.Read more...,https://qz.com/google-workspace-poll-ai-workplace-gen-z-millennials-1851707141,"https://i.kinja-img.com/image/upload/c_fill,h_675,pg_1,q_80,w_1200/0f81c3d62e186cecb5d96f7dbfce83da.jpg",2024-11-25T13:23:59Z,"In This Story
Most Gen Z and millennial knowledge workers are already using artificial intelligence tools in one capacity or another at work.
Some 82% of young adults in leadership positions at wor… [+1843 chars]"
54,"{'id': None, 'name': 'ETF Daily News'}",MarketBeat News,Alphabet Inc. (NASDAQ:GOOGL) Shares Sold by Intrinsic Value Partners LLC,"Intrinsic Value Partners LLC decreased its holdings in Alphabet Inc. (NASDAQ:GOOGL – Free Report) by 0.5% during the 3rd quarter, according to the company in its most recent disclosure with the SEC. The fund owned 27,845 shares of the information services pro…",https://www.etfdailynews.com/2024/11/25/alphabet-inc-nasdaqgoogl-shares-sold-by-intrinsic-value-partners-llc/,https://www.americanbankingnews.com/wp-content/timthumb/timthumb.php?src=https://www.marketbeat.com/logos/google-inc-logo-1200x675.png&w=240&h=240&zc=2,2024-11-25T09:40:46Z,"Intrinsic Value Partners LLC decreased its holdings in Alphabet Inc. (NASDAQ:GOOGL – Free Report) by 0.5% during the 3rd quarter, according to the company in its most recent disclosure with the SEC. … [+6630 chars]"
55,"{'id': None, 'name': 'ETF Daily News'}",MarketBeat News,Peregrine Asset Advisers Inc. Has $2.67 Million Stock Holdings in Alphabet Inc. (NASDAQ:GOOGL),"Peregrine Asset Advisers Inc. decreased its position in Alphabet Inc. (NASDAQ:GOOGL – Free Report) by 12.5% in the 3rd quarter, according to its most recent filing with the Securities & Exchange Commission. The firm owned 16,113 shares of the information serv…",https://www.etfdailynews.com/2024/11/25/peregrine-asset-advisers-inc-has-2-67-million-stock-holdings-in-alphabet-inc-nasdaqgoogl/,https://www.americanbankingnews.com/wp-content/timthumb/timthumb.php?src=https://www.marketbeat.com/logos/google-inc-logo-1200x675.png&w=240&h=240&zc=2,2024-11-25T09:40:45Z,"Peregrine Asset Advisers Inc. decreased its position in Alphabet Inc. (NASDAQ:GOOGL – Free Report) by 12.5% in the 3rd quarter, according to its most recent filing with the Securities &amp; Exchange … [+6658 chars]"
56,"{'id': None, 'name': 'ETF Daily News'}",MarketBeat News,Alphabet Inc. (NASDAQ:GOOGL) Shares Bought by Ridgecrest Wealth Partners LLC,"Ridgecrest Wealth Partners LLC boosted its holdings in Alphabet Inc. (NASDAQ:GOOGL – Free Report) by 0.1% in the third quarter, according to the company in its most recent Form 13F filing with the SEC. The institutional investor owned 72,417 shares of the inf…",https://www.etfdailynews.com/2024/11/25/alphabet-inc-nasdaqgoogl-shares-bought-by-ridgecrest-wealth-partners-llc/,https://www.americanbankingnews.com/wp-content/timthumb/timthumb.php?src=https://www.marketbeat.com/logos/google-inc-logo-1200x675.png&w=240&h=240&zc=2,2024-11-25T09:40:45Z,"Ridgecrest Wealth Partners LLC boosted its holdings in Alphabet Inc. (NASDAQ:GOOGL – Free Report) by 0.1% in the third quarter, according to the company in its most recent Form 13F filing with the SE… [+5986 chars]"
57,"{'id': None, 'name': 'ETF Daily News'}",MarketBeat News,Arvest Investments Inc. Has $1.80 Million Stock Position in Alphabet Inc. (NASDAQ:GOOGL),"Arvest Investments Inc. raised its stake in Alphabet Inc. (NASDAQ:GOOGL – Free Report) by 76.3% during the 3rd quarter, according to the company in its most recent 13F filing with the Securities & Exchange Commission. The firm owned 10,844 shares of the infor…",https://www.etfdailynews.com/2024/11/25/arvest-investments-inc-has-1-80-million-stock-position-in-alphabet-inc-nasdaqgoogl/,https://www.americanbankingnews.com/wp-content/timthumb/timthumb.php?src=https://www.marketbeat.com/logos/google-inc-logo-1200x675.png&w=240&h=240&zc=2,2024-11-25T08:18:54Z,"Arvest Investments Inc. raised its stake in Alphabet Inc. (NASDAQ:GOOGL – Free Report) by 76.3% during the 3rd quarter, according to the company in its most recent 13F filing with the Securities &amp… [+6476 chars]"
58,"{'id': None, 'name': 'ETF Daily News'}",MarketBeat News,Alphabet Inc. (NASDAQ:GOOGL) Shares Sold by Mitchell Mcleod Pugh & Williams Inc.,"Mitchell Mcleod Pugh & Williams Inc. cut its position in shares of Alphabet Inc. (NASDAQ:GOOGL – Free Report) by 1.1% in the 3rd quarter, according to its most recent disclosure with the Securities and Exchange Commission (SEC). The fund owned 31,868 shares o…",https://www.etfdailynews.com/2024/11/25/alphabet-inc-nasdaqgoogl-shares-sold-by-mitchell-mcleod-pugh-williams-inc/,https://www.americanbankingnews.com/wp-content/timthumb/timthumb.php?src=https://www.marketbeat.com/logos/google-inc-logo-1200x675.png&w=240&h=240&zc=2,2024-11-25T08:18:52Z,"Mitchell Mcleod Pugh &amp; Williams Inc. cut its position in shares of Alphabet Inc. (NASDAQ:GOOGL – Free Report) by 1.1% in the 3rd quarter, according to its most recent disclosure with the Securiti… [+6098 chars]"
59,"{'id': None, 'name': 'ETF Daily News'}",MarketBeat News,Baker Avenue Asset Management LP Increases Holdings in Alphabet Inc. (NASDAQ:GOOGL),"Baker Avenue Asset Management LP boosted its position in Alphabet Inc. (NASDAQ:GOOGL – Free Report) by 1.0% during the third quarter, according to the company in its most recent disclosure with the Securities & Exchange Commission. The fund owned 213,098 shar…",https://www.etfdailynews.com/2024/11/25/baker-avenue-asset-management-lp-increases-holdings-in-alphabet-inc-nasdaqgoogl/,https://www.americanbankingnews.com/wp-content/timthumb/timthumb.php?src=https://www.marketbeat.com/logos/google-inc-logo-1200x675.png&w=240&h=240&zc=2,2024-11-25T08:18:51Z,"Baker Avenue Asset Management LP boosted its position in Alphabet Inc. (NASDAQ:GOOGL – Free Report) by 1.0% during the third quarter, according to the company in its most recent disclosure with the S… [+6142 chars]"
60,"{'id': None, 'name': 'ETF Daily News'}",MarketBeat News,Alphabet Inc. (NASDAQ:GOOGL) Holdings Decreased by Mayflower Financial Advisors LLC,"Mayflower Financial Advisors LLC cut its position in shares of Alphabet Inc. (NASDAQ:GOOGL – Free Report) by 0.9% during the 3rd quarter, HoldingsChannel.com reports. The firm owned 38,627 shares of the information services provider’s stock after selling 338 …",https://www.etfdailynews.com/2024/11/25/alphabet-inc-nasdaqgoogl-holdings-decreased-by-mayflower-financial-advisors-llc/,https://www.americanbankingnews.com/wp-content/timthumb/timthumb.php?src=https://www.marketbeat.com/logos/google-inc-logo-1200x675.png&w=240&h=240&zc=2,2024-11-25T08:18:49Z,"Mayflower Financial Advisors LLC cut its position in shares of Alphabet Inc. (NASDAQ:GOOGL – Free Report) by 0.9% during the 3rd quarter, HoldingsChannel.com reports. The firm owned 38,627 shares of … [+6661 chars]"
61,"{'id': None, 'name': 'Biztoc.com'}",aol.com,Better Internet Stock: Alphabet vs. Meta Platforms,"Alphabet (NASDAQ: GOOGL) (NASDAQ: GOOG) and Meta Platforms (NASDAQ: META) are leaders of digital innovation that have created massive shareholder wealth over the past decade.
Through distinct strategies and different areas of market focus, the core business f…",https://biztoc.com/x/0a1cd0228db6a63c,https://biztoc.com/cdn/0a1cd0228db6a63c_s.webp,2024-11-24T16:25:11Z,Alphabet (NASDAQ: GOOGL) (NASDAQ: GOOG) and Meta Platforms (NASDAQ: META) are leaders of digital innovation that have created massive shareholder wealth over the past decade.Through distinct strategi… [+141 chars]
62,"{'id': None, 'name': 'Biztoc.com'}",thestreet.com,Google analysts sent scrambling by startling break-up news,"First, the Russians, now this.
Last month, a Russian judge fined Alphabet's (GOOGL) two undecillion rubles — say what? — for restricting the country's state media channels on YouTube, which the search engine giant owns.
Related: Analyst delivers startling App…",https://biztoc.com/x/21d2d890728e4530,https://biztoc.com/cdn/21d2d890728e4530_s.webp,2024-11-24T12:47:06Z,"First, the Russians, now this.Last month, a Russian judge fined Alphabet's (GOOGL) two undecillion rubles say what? for restricting the country's state media channels on YouTube, which the search eng… [+135 chars]"
63,"{'id': None, 'name': 'ETF Daily News'}",MarketBeat News,Mach 1 Financial Group LLC Boosts Stake in Alphabet Inc. (NASDAQ:GOOGL),"Mach 1 Financial Group LLC increased its holdings in shares of Alphabet Inc. (NASDAQ:GOOGL – Free Report) by 12.7% during the third quarter, according to the company in its most recent disclosure with the Securities and Exchange Commission (SEC). The institut…",https://www.etfdailynews.com/2024/11/24/mach-1-financial-group-llc-boosts-stake-in-alphabet-inc-nasdaqgoogl/,https://www.americanbankingnews.com/wp-content/timthumb/timthumb.php?src=https://www.marketbeat.com/logos/google-inc-logo-1200x675.png&w=240&h=240&zc=2,2024-11-24T11:40:53Z,"Mach 1 Financial Group LLC increased its holdings in shares of Alphabet Inc. (NASDAQ:GOOGL – Free Report) by 12.7% during the third quarter, according to the company in its most recent disclosure wit… [+6814 chars]"
64,"{'id': None, 'name': 'ETF Daily News'}",MarketBeat News,Liberty Wealth Management LLC Decreases Stake in Alphabet Inc. (NASDAQ:GOOGL),"Liberty Wealth Management LLC decreased its holdings in shares of Alphabet Inc. (NASDAQ:GOOGL – Free Report) by 86.7% in the third quarter, according to its most recent 13F filing with the Securities and Exchange Commission (SEC). The fund owned 9,208 shares …",https://www.etfdailynews.com/2024/11/24/liberty-wealth-management-llc-decreases-stake-in-alphabet-inc-nasdaqgoogl/,https://www.americanbankingnews.com/wp-content/timthumb/timthumb.php?src=https://www.marketbeat.com/logos/google-inc-logo-1200x675.png&w=240&h=240&zc=2,2024-11-24T09:20:46Z,"Liberty Wealth Management LLC decreased its holdings in shares of Alphabet Inc. (NASDAQ:GOOGL – Free Report) by 86.7% in the third quarter, according to its most recent 13F filing with the Securities… [+5949 chars]"
65,"{'id': None, 'name': 'ETF Daily News'}",MarketBeat News,Alphabet Inc. (NASDAQ:GOOGL) Shares Sold by RKL Wealth Management LLC,"RKL Wealth Management LLC reduced its stake in shares of Alphabet Inc. (NASDAQ:GOOGL – Free Report) by 0.5% during the 3rd quarter, HoldingsChannel reports. The firm owned 93,506 shares of the information services provider’s stock after selling 427 shares dur…",https://www.etfdailynews.com/2024/11/24/alphabet-inc-nasdaqgoogl-shares-sold-by-rkl-wealth-management-llc/,https://www.americanbankingnews.com/wp-content/timthumb/timthumb.php?src=https://www.marketbeat.com/logos/google-inc-logo-1200x675.png&w=240&h=240&zc=2,2024-11-24T08:46:56Z,"RKL Wealth Management LLC reduced its stake in shares of Alphabet Inc. (NASDAQ:GOOGL – Free Report) by 0.5% during the 3rd quarter, HoldingsChannel reports. The firm owned 93,506 shares of the inform… [+6638 chars]"
66,"{'id': None, 'name': 'ETF Daily News'}",MarketBeat News,Carr Financial Group Corp Decreases Stock Holdings in Alphabet Inc. (NASDAQ:GOOGL),"Carr Financial Group Corp lessened its holdings in Alphabet Inc. (NASDAQ:GOOGL – Free Report) by 5.5% during the third quarter, according to the company in its most recent filing with the Securities and Exchange Commission. The firm owned 6,617 shares of the …",https://www.etfdailynews.com/2024/11/24/carr-financial-group-corp-decreases-stock-holdings-in-alphabet-inc-nasdaqgoogl/,https://www.americanbankingnews.com/wp-content/timthumb/timthumb.php?src=https://www.marketbeat.com/logos/google-inc-logo-1200x675.png&w=240&h=240&zc=2,2024-11-24T08:46:51Z,"Carr Financial Group Corp lessened its holdings in Alphabet Inc. (NASDAQ:GOOGL – Free Report) by 5.5% during the third quarter, according to the company in its most recent filing with the Securities … [+6644 chars]"
67,"{'id': None, 'name': 'ETF Daily News'}",MarketBeat News,Costello Asset Management INC Buys 267 Shares of Alphabet Inc. (NASDAQ:GOOGL),"Costello Asset Management INC grew its stake in shares of Alphabet Inc. (NASDAQ:GOOGL – Free Report) by 0.9% in the 3rd quarter, HoldingsChannel.com reports. The institutional investor owned 30,638 shares of the information services provider’s stock after acq…",https://www.etfdailynews.com/2024/11/24/costello-asset-management-inc-buys-267-shares-of-alphabet-inc-nasdaqgoogl/,https://www.americanbankingnews.com/wp-content/timthumb/timthumb.php?src=https://www.marketbeat.com/logos/google-inc-logo-1200x675.png&w=240&h=240&zc=2,2024-11-24T08:46:51Z,"Costello Asset Management INC grew its stake in shares of Alphabet Inc. (NASDAQ:GOOGL – Free Report) by 0.9% in the 3rd quarter, HoldingsChannel.com reports. The institutional investor owned 30,638 s… [+6682 chars]"
68,"{'id': None, 'name': 'ETF Daily News'}",MarketBeat News,Alphabet Inc. (NASDAQ:GOOGL) Shares Sold by Acorn Financial Advisory Services Inc. ADV,"Acorn Financial Advisory Services Inc. ADV decreased its stake in shares of Alphabet Inc. (NASDAQ:GOOGL – Free Report) by 4.3% in the 3rd quarter, according to its most recent Form 13F filing with the SEC. The institutional investor owned 14,482 shares of the…",https://www.etfdailynews.com/2024/11/24/alphabet-inc-nasdaqgoogl-shares-sold-by-acorn-financial-advisory-services-inc-adv/,https://www.americanbankingnews.com/wp-content/timthumb/timthumb.php?src=https://www.marketbeat.com/logos/google-inc-logo-1200x675.png&w=240&h=240&zc=2,2024-11-24T08:08:49Z,"Acorn Financial Advisory Services Inc. ADV decreased its stake in shares of Alphabet Inc. (NASDAQ:GOOGL – Free Report) by 4.3% in the 3rd quarter, according to its most recent Form 13F filing with th… [+6020 chars]"
69,"{'id': None, 'name': 'ETF Daily News'}",MarketBeat News,Atria Investments Inc Has $53.07 Million Stock Holdings in Alphabet Inc. (NASDAQ:GOOGL),"Atria Investments Inc reduced its holdings in shares of Alphabet Inc. (NASDAQ:GOOGL – Free Report) by 5.2% in the third quarter, according to its most recent Form 13F filing with the Securities and Exchange Commission (SEC). The fund owned 320,006 shares of t…",https://www.etfdailynews.com/2024/11/24/atria-investments-inc-has-53-07-million-stock-holdings-in-alphabet-inc-nasdaqgoogl/,https://www.americanbankingnews.com/wp-content/timthumb/timthumb.php?src=https://www.marketbeat.com/logos/google-inc-logo-1200x675.png&w=240&h=240&zc=2,2024-11-24T08:08:46Z,"Atria Investments Inc reduced its holdings in shares of Alphabet Inc. (NASDAQ:GOOGL – Free Report) by 5.2% in the third quarter, according to its most recent Form 13F filing with the Securities and E… [+5971 chars]"
70,"{'id': None, 'name': 'ETF Daily News'}",MarketBeat News,Alphabet (NASDAQ:GOOGL) Trading Down 1.7% on Insider Selling,"Alphabet Inc. (NASDAQ:GOOGL – Get Free Report)’s stock price dropped 1.7% on Friday after an insider sold shares in the company. The company traded as low as $163.90 and last traded at $164.83. Approximately 11,385,550 shares traded hands during mid-day tradi…",https://www.etfdailynews.com/2024/11/24/alphabet-nasdaqgoogl-trading-down-1-7-on-insider-selling/,https://www.americanbankingnews.com/wp-content/timthumb/timthumb.php?src=https://www.marketbeat.com/logos/google-inc-logo-1200x675.png&w=240&h=240&zc=2,2024-11-24T06:19:09Z,Alphabet Inc. (NASDAQ:GOOGL – Get Free Report)’s stock price dropped 1.7% on Friday after an insider sold shares in the company. The company traded as low as $163.90 and last traded at $164.83. Appro… [+4943 chars]
71,"{'id': None, 'name': 'Pypi.org'}",mehdizare@users.noreply.github.com,fmp-data added to PyPI,Python client for Financial Modeling Prep API,https://pypi.org/project/fmp-data/,https://pypi.org/static/images/twitter.abaf4b19.webp,2024-11-24T04:38:16Z,"A Python client for the Financial Modeling Prep (FMP) API with comprehensive logging, rate limiting, and error handling.
Features
<ul><li> Simple and intuitive interface</li><li> Built-in rate limi… [+6088 chars]"
72,"{'id': None, 'name': ""Investor's Business Daily""}","ED CARSON, Investor's Business Daily","Dow Jones Futures: Stay Cool In Hot Market; Forget Nvidia, Meet The New AI Chip Leader","Despite megacap weakness, it was a strong week for indexes and leading stocks.",https://www.investors.com/market-trend/stock-market-today/dow-jones-futures-forget-nvidia-ai-chip-leader-astera-labs/,https://www.investors.com/wp-content/uploads/2023/08/Stock-llamabluesunglasses-01-adobe.jpg,2024-11-23T13:02:35Z,"Dow Jones futures will open Sunday evening, along with S&amp;P 500 futures and Nasdaq futures.
The stock market rally had a strong week, though Google-parent Alphabet (GOOGL) and some megacaps saw m… [+7573 chars]"
73,"{'id': None, 'name': 'ETF Daily News'}",MarketBeat News,Alphabet Inc. (NASDAQ:GOOGL) is Westchester Capital Management Inc.’s 10th Largest Position,"Westchester Capital Management Inc. trimmed its holdings in shares of Alphabet Inc. (NASDAQ:GOOGL – Free Report) by 2.5% during the third quarter, according to the company in its most recent Form 13F filing with the SEC. The fund owned 109,967 shares of the i…",https://www.etfdailynews.com/2024/11/23/alphabet-inc-nasdaqgoogl-is-westchester-capital-management-inc-s-10th-largest-position/,https://www.americanbankingnews.com/wp-content/timthumb/timthumb.php?src=https://www.marketbeat.com/logos/google-inc-logo-1200x675.png&w=240&h=240&zc=2,2024-11-23T10:18:56Z,"Westchester Capital Management Inc. trimmed its holdings in shares of Alphabet Inc. (NASDAQ:GOOGL – Free Report) by 2.5% during the third quarter, according to the company in its most recent Form 13F… [+6730 chars]"
74,"{'id': None, 'name': 'ETF Daily News'}",MarketBeat News,"Bridges Investment Management Inc. Sells 42,439 Shares of Alphabet Inc. (NASDAQ:GOOGL)","Bridges Investment Management Inc. lessened its stake in Alphabet Inc. (NASDAQ:GOOGL – Free Report) by 2.5% in the 3rd quarter, according to its most recent disclosure with the Securities & Exchange Commission. The firm owned 1,667,025 shares of the informati…",https://www.etfdailynews.com/2024/11/23/bridges-investment-management-inc-sells-42439-shares-of-alphabet-inc-nasdaqgoogl/,https://www.americanbankingnews.com/wp-content/timthumb/timthumb.php?src=https://www.marketbeat.com/logos/google-inc-logo-1200x675.png&w=240&h=240&zc=2,2024-11-23T10:18:55Z,"Bridges Investment Management Inc. lessened its stake in Alphabet Inc. (NASDAQ:GOOGL – Free Report) by 2.5% in the 3rd quarter, according to its most recent disclosure with the Securities &amp; Excha… [+6703 chars]"
75,"{'id': None, 'name': ""Investor's Business Daily""}","VIDYA RAMAKRISHNAN, Investor's Business Daily","Dow Jones Soars, Nvidia Dives On 'Whisper' Numbers; Google Falls As Amazon Doubles Down On AI (Live Coverage)",The Dow Jones index rose even higher on the stock market today after Thursday's gains. Nvidia slipped in a buy zone and Google fell again.,https://www.investors.com/market-trend/stock-market-today/dow-jones-sp500-nasdaq-nvidia-nvda-google-googl-stock/,https://www.investors.com/wp-content/uploads/2017/08/WallStreetFinance2-adobe.jpg,2024-11-22T21:11:20Z,Bulls remained in charge Friday as major indexes scored sizable gains to close out the week. The Dow Jones Industrial Average led the surge while the other major indexes and particularly small caps a… [+7055 chars]
76,"{'id': None, 'name': 'Observer'}","Alexandra Tremayne-Pengelly, Alexandra Tremayne-Pengelly","Amazon Doubles Down On Anthropic Investment, Mirroring Microsoft’s OpenAI Strategy",Amazon has invested a total of $8 billion in Anthropic.,https://observer.com/2024/11/amazon-invest-billion-anthropic/,https://observer.com/wp-content/uploads/sites/2/2024/09/GettyImages-1808365613.jpg?quality=80,2024-11-22T21:00:47Z,"AWS CEO Adam Selipsky speaks with Anthropic head Dario Amodei during an AWS event on Nov. 28, 2023. Noah Berger/Getty Images for Amazon Web Services
Amazon (AMZN) is doubling down on its partnership… [+3494 chars]"
77,"{'id': None, 'name': 'Quartz India'}",Britney Nguyen,3 Nvidia customers have each spent $10 billion on chips this year,Nvidia’s (NVDA) path to becoming the most valuable public company in the world this year has been laid by its artificial intelligence chips and a handful of anonymous customers.Read more...,https://qz.com/nvidia-customers-10-billion-ai-chips-blackwell-1851706059,"https://i.kinja-img.com/image/upload/c_fill,h_675,pg_1,q_80,w_1200/266a7ed1ec6d543792c1b836e2daa0d5.jpg",2024-11-22T18:25:00Z,"In This Story
Nvidias (NVDA-3.25%
) path to becoming the most valuable public company in the world this year has been laid by its artificial intelligence chips and a handful of anonymous customers.… [+1822 chars]"
78,"{'id': None, 'name': 'Quartz India'}",Britney Nguyen,Amazon is investing another $4 billion in AI startup Anthropic,Amazon (AMZN) is following up on its $4 billion investment in artificial intelligence startup Anthropic with another $4 billion.Read more...,https://qz.com/amazon-invest-4-billion-ai-startup-anthropic-model-chip-1851705944,"https://i.kinja-img.com/image/upload/c_fill,h_675,pg_1,q_80,w_1200/cfa9d1320fd026cb0643dfd6e020b654.jpg",2024-11-22T15:33:00Z,"In This Story
Amazon (AMZN-0.15%
) is following up on its $4 billion investment in artificial intelligence startup Anthropic with another $4 billion.
In the next phase of their collaboration, Anth… [+2139 chars]"
79,"{'id': None, 'name': 'Biztoc.com'}",benzinga.com,"Market Clubhouse Morning Memo - November 22nd, 2024 (Trade Strategy For SPY, QQQ, AAPL, MSFT, NVDA, GOOGL, META And TSLA)","Good Morning Traders! In today's Market Clubhouse Morning Memo, we will discuss SPY, QQQ, AAPL, MSFT, NVDA, GOOGL, META, and TSLA.
Our proprietary formula, exclusive to Market Clubhouse, dictates these price levels. This dynamic equation takes into account pr…",https://biztoc.com/x/6f05a1ad99916366,https://biztoc.com/cdn/6f05a1ad99916366_s.webp,2024-11-22T14:59:16Z,"Good Morning Traders! In today's Market Clubhouse Morning Memo, we will discuss SPY, QQQ, AAPL, MSFT, NVDA, GOOGL, META, and TSLA.Our proprietary formula, exclusive to Market Clubhouse, dictates thes… [+141 chars]"
80,"{'id': None, 'name': 'Yahoo Entertainment'}",Karen Friar,"Stock market today: Nasdaq retreats as Dow, S&P 500 tread water with weekly wins in play",Stocks are retreating but still on track to end a Nvidia-dominated week higher.,https://finance.yahoo.com/news/live/stock-market-today-dow-sp-500-rise-with-weekly-wins-in-play-144946360.html,https://s.yimg.com/ny/api/res/1.2/kagspSFTkH1KFXJMU2tIBw--/YXBwaWQ9aGlnaGxhbmRlcjt3PTEyMDA7aD04MDA-/https://s.yimg.com/os/creatr-uploaded-images/2024-11/fc70b710-a147-11ef-9bfe-95f77db2019e,2024-11-22T14:31:32Z,"US stocks rose on Friday as investors surveyed President-elect Donald Trump's efforts to build his team and bitcoin's (BTC-USD) bid to reach a key milestone.
The S&amp;P 500 (^GSPC) rose 0.3% while … [+4483 chars]"
81,"{'id': None, 'name': 'ETF Daily News'}",MarketBeat News,Quantum Private Wealth LLC Trims Stake in Alphabet Inc. (NASDAQ:GOOGL),"Quantum Private Wealth LLC decreased its position in shares of Alphabet Inc. (NASDAQ:GOOGL – Free Report) by 53.0% during the third quarter, Holdings Channel reports. The fund owned 13,310 shares of the information services provider’s stock after selling 15,0…",https://www.etfdailynews.com/2024/11/22/quantum-private-wealth-llc-trims-stake-in-alphabet-inc-nasdaqgoogl/,https://www.americanbankingnews.com/wp-content/timthumb/timthumb.php?src=https://www.marketbeat.com/logos/google-inc-logo-1200x675.png&w=240&h=240&zc=2,2024-11-22T08:56:44Z,"Quantum Private Wealth LLC decreased its position in shares of Alphabet Inc. (NASDAQ:GOOGL – Free Report) by 53.0% during the third quarter, Holdings Channel reports. The fund owned 13,310 shares of … [+5962 chars]"
82,"{'id': None, 'name': 'ETF Daily News'}",MarketBeat News,Presidio Capital Management LLC Acquires 312 Shares of Alphabet Inc. (NASDAQ:GOOGL),"Presidio Capital Management LLC boosted its position in shares of Alphabet Inc. (NASDAQ:GOOGL – Free Report) by 10.5% during the third quarter, according to the company in its most recent filing with the Securities and Exchange Commission. The firm owned 3,29…",https://www.etfdailynews.com/2024/11/22/presidio-capital-management-llc-acquires-312-shares-of-alphabet-inc-nasdaqgoogl/,https://www.americanbankingnews.com/wp-content/timthumb/timthumb.php?src=https://www.marketbeat.com/logos/google-inc-logo-1200x675.png&w=240&h=240&zc=2,2024-11-22T08:56:44Z,"Presidio Capital Management LLC boosted its position in shares of Alphabet Inc. (NASDAQ:GOOGL – Free Report) by 10.5% during the third quarter, according to the company in its most recent filing with… [+6705 chars]"
83,"{'id': None, 'name': 'ETF Daily News'}",MarketBeat News,"21,181 Shares in Alphabet Inc. (NASDAQ:GOOGL) Acquired by Beckerman Institutional LLC","Beckerman Institutional LLC bought a new position in shares of Alphabet Inc. (NASDAQ:GOOGL – Free Report) during the third quarter, according to the company in its most recent disclosure with the Securities and Exchange Commission. The institutional investor …",https://www.etfdailynews.com/2024/11/22/21181-shares-in-alphabet-inc-nasdaqgoogl-acquired-by-beckerman-institutional-llc/,https://www.americanbankingnews.com/wp-content/timthumb/timthumb.php?src=https://www.marketbeat.com/logos/google-inc-logo-1200x675.png&w=240&h=240&zc=2,2024-11-22T08:56:44Z,"Beckerman Institutional LLC bought a new position in shares of Alphabet Inc. (NASDAQ:GOOGL – Free Report) during the third quarter, according to the company in its most recent disclosure with the Sec… [+6758 chars]"
84,"{'id': None, 'name': 'ETF Daily News'}",MarketBeat News,Burt Wealth Advisors Sells 455 Shares of Alphabet Inc. (NASDAQ:GOOGL),"Burt Wealth Advisors reduced its stake in Alphabet Inc. (NASDAQ:GOOGL – Free Report) by 8.0% during the third quarter, according to the company in its most recent 13F filing with the SEC. The firm owned 5,253 shares of the information services provider’s stoc…",https://www.etfdailynews.com/2024/11/22/burt-wealth-advisors-sells-455-shares-of-alphabet-inc-nasdaqgoogl/,https://www.americanbankingnews.com/wp-content/timthumb/timthumb.php?src=https://www.marketbeat.com/logos/google-inc-logo-1200x675.png&w=240&h=240&zc=2,2024-11-22T08:56:44Z,"Burt Wealth Advisors reduced its stake in Alphabet Inc. (NASDAQ:GOOGL – Free Report) by 8.0% during the third quarter, according to the company in its most recent 13F filing with the SEC. The firm ow… [+5947 chars]"
85,"{'id': None, 'name': 'ETF Daily News'}",MarketBeat News,Verity Asset Management Inc. Reduces Holdings in Alphabet Inc. (NASDAQ:GOOGL),"Verity Asset Management Inc. decreased its position in Alphabet Inc. (NASDAQ:GOOGL – Free Report) by 26.5% in the 3rd quarter, according to the company in its most recent 13F filing with the Securities and Exchange Commission (SEC). The firm owned 1,545 share…",https://www.etfdailynews.com/2024/11/22/verity-asset-management-inc-reduces-holdings-in-alphabet-inc-nasdaqgoogl/,https://www.americanbankingnews.com/wp-content/timthumb/timthumb.php?src=https://www.marketbeat.com/logos/google-inc-logo-1200x675.png&w=240&h=240&zc=2,2024-11-22T08:56:44Z,"Verity Asset Management Inc. decreased its position in Alphabet Inc. (NASDAQ:GOOGL – Free Report) by 26.5% in the 3rd quarter, according to the company in its most recent 13F filing with the Securiti… [+6061 chars]"
86,"{'id': None, 'name': 'ETF Daily News'}",MarketBeat News,Comprehensive Financial Consultants Institutional Inc. Has $2.45 Million Stock Holdings in Alphabet Inc. (NASDAQ:GOOGL),"Comprehensive Financial Consultants Institutional Inc. boosted its position in shares of Alphabet Inc. (NASDAQ:GOOGL – Free Report) by 1.9% during the 3rd quarter, according to the company in its most recent filing with the SEC. The institutional investor own…",https://www.etfdailynews.com/2024/11/22/comprehensive-financial-consultants-institutional-inc-has-2-45-million-stock-holdings-in-alphabet-inc-nasdaqgoogl/,https://www.americanbankingnews.com/wp-content/timthumb/timthumb.php?src=https://www.marketbeat.com/logos/google-inc-logo-1200x675.png&w=240&h=240&zc=2,2024-11-22T08:10:56Z,"Comprehensive Financial Consultants Institutional Inc. boosted its position in shares of Alphabet Inc. (NASDAQ:GOOGL – Free Report) by 1.9% during the 3rd quarter, according to the company in its mos… [+5807 chars]"
87,"{'id': None, 'name': 'Stockcharts.com'}",Jayanthi Gopalakrishnan,Financial Upswing: Understanding the Stock Market Rally and Yield Rise,The afternoon turnaround seems to be more the norm than the exception. Thursday's stock market action followed the trend. What makes Thursday's turnaround more pronounced is a possible resumption of the uptrend in equities. But not all stocks are created equa…,https://stockcharts.com/articles/chartwatchers/2024/11/financial-upswing-understandin-375.html,https://stockcharts.com/img/articles/2024/11/21/e0a8721f-d8d2-434d-a369-ee4af55ea75f.jpg,2024-11-21T23:46:12Z,<ul><li>Stock market indexes resumed their bullish trend.</li><li>Small- and mid-cap stocks rose the most showing strong upside movement.</li><li>Treasury yields rose higher on concerns of reinflatio… [+5870 chars]
88,"{'id': None, 'name': ""Investor's Business Daily""}","ED CARSON, Investor's Business Daily","Dow Jones Futures: Bulls Run Past Google; 7 Stocks In Buy Zones, MicroStrategy Dives",Nvidia ultimately rose. The key indexes are nearing post-election peaks.,https://www.investors.com/market-trend/stock-market-today/dow-jones-futures-bulls-run-google-stocks-buy-zones-microstrategy/,https://www.investors.com/wp-content/uploads/2023/09/Stock-bullsstampede-01-adobe.jpg,2024-11-21T23:15:25Z,"Dow Jones futures fell slightly after hours, along with S&amp;P 500 futures and Nasdaq futures.
The stock market rally had a strong session Thursday. Nvidia (NVDA) ultimately edged higher after init… [+7867 chars]"
89,"{'id': None, 'name': 'Yahoo Entertainment'}",Daniel Howley,"Nvidia says next-gen Blackwell chip sales will top prior forecasts, calming delay worries",Nvidia CEO Jensen Huang said the company's next-generation Blackwell chip is set to ship and that revenue expectations are higher than prior estimates.,https://finance.yahoo.com/news/nvidia-says-next-gen-blackwell-chip-sales-will-top-prior-forecasts-calming-delay-worries-194453395.html,https://s.yimg.com/ny/api/res/1.2/oo3AhJBc83TAyfoH8pE76g--/YXBwaWQ9aGlnaGxhbmRlcjt3PTEyMDA7aD04MDA-/https://s.yimg.com/os/creatr-uploaded-images/2024-06/5b3e4690-2146-11ef-97df-2f3b499b3ad9,2024-11-21T19:44:53Z,"Nvidia (NVDA) is assuaging Wall Streets concerns about any potential slowdowns in the production of its next-generation Blackwell chip, telling investors during the companys earnings call on Wednesda… [+4094 chars]"
90,"{'id': None, 'name': 'Investing.com'}",Investing.com,"Salesforce, Google sway market cap stock movers on Thursday","Salesforce, Google sway market cap stock movers on Thursday",https://www.investing.com/news/stock-market-news/salesforce-google-sway-market-cap-stock-movers-on-thursday-93CH-3735765,https://i-invdn-com.investing.com/news/LYNXNPEE2D0I6_L.jpg,2024-11-21T19:07:03Z,"Thursday's market has seen notable movements in various stocks, with mega-cap and large-cap categories experiencing both significant gains and declines. Salesforce Com (NYSE:CRM) is making headlines … [+2919 chars]"
91,"{'id': None, 'name': 'Quartz India'}",Britney Nguyen,Alphabet stock falls over 5% as Feds push for Google to sell Chrome,Google parent company Alphabet’s (GOOGL) shares fell over 5% during mid-day trading on Thursday amid pressure on Google to sell its Chrome web browser.Read more...,https://qz.com/alphabet-stock-fall-doj-google-sell-chrome-antitrust-1851705166,"https://i.kinja-img.com/image/upload/c_fill,h_675,pg_1,q_80,w_1200/cf75cb6b08b95330f5abb08bb7c428b3.jpg",2024-11-21T18:43:00Z,"In This Story
Google parent company Alphabets (GOOGL-5.35%
) shares fell over 5% during mid-day trading on Thursday amid pressure on Google to sell its Chrome web browser.
The Department of Justic… [+1749 chars]"
92,"{'id': None, 'name': 'Biztoc.com'}",finance.yahoo.com,"Stock market today: Dow, S&P 500 jump while Nvidia, Alphabet tumble","In This Article:
US stocks whipsawed Thursday as investors digested Nvidia's (NVDA) earnings and a more than 6% tumble from Alphabet (GOOG, GOOGL) amid a Department of Justice move to break up its empire.
The Dow Jones Industrial Average (^DJI) gained more th…",https://biztoc.com/x/a4fed72d31097f2f,https://biztoc.com/cdn/a4fed72d31097f2f_s.webp,2024-11-21T18:15:53Z,"In This Article:US stocks whipsawed Thursday as investors digested Nvidia's (NVDA) earnings and a more than 6% tumble from Alphabet (GOOG, GOOGL) amid a Department of Justice move to break up its emp… [+149 chars]"
93,"{'id': None, 'name': ""Investor's Business Daily""}","RYAN DEFFENBAUGH, Investor's Business Daily",How Oracle Got Its Mojo Back. What's Behind The AI Cloud Push Powering Its 80% Stock Gain.,"Oracle stock has rallied 80% this year, with the enterprise tech giant emerging as a favorite on Wall Street to benefit from generative AI.",https://www.investors.com/news/technology/oracle-stock-orcl-ai-cloud-larry-ellison/,https://www.investors.com/wp-content/uploads/2017/12/stock-Oracle-03-shutter.jpg,2024-11-21T18:00:34Z,"Oracle (ORCL) is partying like it's 1999. Oracle stock is tracking to have its best year since the turn of the century as the tech giant joins the euphoria around artificial intelligence, the hot tre… [+15274 chars]"
94,"{'id': None, 'name': 'Yahoo Entertainment'}",Karen Friar,"Stock market today: Dow, S&P 500 jump while Nvidia, Alphabet tumble",Investors are digging into Nvidia's earnings for insights into the AI boom.,https://finance.yahoo.com/news/live/stock-market-today-dow-sp-500-jump-while-nvidia-alphabet-tumble-172831973.html,https://s.yimg.com/ny/api/res/1.2/MnLz241vlf9CwcV5klCKBQ--/YXBwaWQ9aGlnaGxhbmRlcjt3PTEyMDA7aD04MDQ-/https://s.yimg.com/os/creatr-uploaded-images/2024-11/7173e480-a808-11ef-9bff-0037fb2bb98e,2024-11-21T17:28:31Z,"US stocks whipsawed Thursday as investors digested Nvidia's (NVDA) earnings and a more than 6% tumble from Alphabet (GOOG, GOOGL) amid a Department of Justice move to break up its empire.
The Dow Jo… [+13210 chars]"
95,"{'id': None, 'name': 'Yahoo Entertainment'}",Karen Friar,"Stock market today: Dow, S&P 500 jump after Nvidia earnings, while Alphabet tumbles",Investors are digging into Nvidia's earnings for insights into the AI boom.,https://finance.yahoo.com/news/live/stock-market-today-dow-sp-500-jump-after-nvidia-earnings-while-alphabet-tumbles-172831555.html,https://s.yimg.com/ny/api/res/1.2/MnLz241vlf9CwcV5klCKBQ--/YXBwaWQ9aGlnaGxhbmRlcjt3PTEyMDA7aD04MDQ-/https://s.yimg.com/os/creatr-uploaded-images/2024-11/7173e480-a808-11ef-9bff-0037fb2bb98e,2024-11-21T17:28:31Z,"US stocks whipsawed Thursday as investors digested Nvidia's (NVDA) earnings and a tumble from Alphabet (GOOG, GOOGL) amid a Department of Justice move to break up its empire.
The Dow Jones Industria… [+16030 chars]"
96,"{'id': None, 'name': 'Biztoc.com'}",benzinga.com,"Market Clubhouse Morning Memo - November 21st, 2024 (Trade Strategy For SPY, QQQ, AAPL, MSFT, NVDA, GOOGL, META And TSLA)","Good Morning Traders! In today's Market Clubhouse Morning Memo, we will discuss SPY, QQQ, AAPL, MSFT, NVDA, GOOGL, META, and TSLA.
Our proprietary formula, exclusive to Market Clubhouse, dictates these price levels. This dynamic equation takes into account pr…",https://biztoc.com/x/46c72efb6019c858,https://biztoc.com/cdn/46c72efb6019c858_s.webp,2024-11-21T16:36:04Z,"Good Morning Traders! In today's Market Clubhouse Morning Memo, we will discuss SPY, QQQ, AAPL, MSFT, NVDA, GOOGL, META, and TSLA.Our proprietary formula, exclusive to Market Clubhouse, dictates thes… [+141 chars]"
97,"{'id': None, 'name': 'Biztoc.com'}",finance.yahoo.com,"Stock market today: Dow, S&P 500, Nasdaq wobble post-Nvidia earnings, Alphabet tumbles 5%","US stocks struggled for direction Thursday as investors digested Nvidia's (NVDA) earnings and Alphabet (GOOGL) tumbled more than 5% as the Department of Justice seeks the sale of Google's Chrome browser.
The Dow Jones Industrial Average (^DJI) was up around 0…",https://biztoc.com/x/ecccaf919683de96,https://biztoc.com/cdn/ecccaf919683de96_s.webp,2024-11-21T15:41:06Z,US stocks struggled for direction Thursday as investors digested Nvidia's (NVDA) earnings and Alphabet (GOOGL) tumbled more than 5% as the Department of Justice seeks the sale of Google's Chrome brow… [+148 chars]
98,"{'id': None, 'name': 'Yahoo Entertainment'}",Karen Friar,"Stock market today: Nasdaq slides as Nvidia, Alphabet lead 'Magnificent 7' tumble",Investors are digging into Nvidia's earnings for insights into the AI boom.,https://finance.yahoo.com/news/live/stock-market-today-dow-sp-500-rise-while-nasdaq-slips-as-nvidia-alphabet-tumble-143024596.html,https://s.yimg.com/ny/api/res/1.2/MnLz241vlf9CwcV5klCKBQ--/YXBwaWQ9aGlnaGxhbmRlcjt3PTEyMDA7aD04MDQ-/https://s.yimg.com/os/creatr-uploaded-images/2024-11/7173e480-a808-11ef-9bff-0037fb2bb98e,2024-11-21T14:30:24Z,"US stocks whipsawed Thursday as investors digested Nvidia's (NVDA) earnings and a more than 6% tumble from Alphabet (GOOG, GOOGL) amid a Department of Justice move to break up its empire.
The Dow Jo… [+10057 chars]"
99,"{'id': None, 'name': 'Quartz India'}",William Gavin and Rocio Fabbro,The feds want Google to sell its Chrome browser,The Department of Justice (DOJ) said Wednesday that it wants Google (GOOGL) to sell its Chrome web browser as the government looks to break up the tech giant’s dominance in the search engine market.Read more...,https://qz.com/google-sell-chrome-browser-android-doj-feds-tech-1851704663,"https://i.kinja-img.com/image/upload/c_fill,h_675,pg_1,q_80,w_1200/d743bbe864661030cf61879c5c471995.jpg",2024-11-21T13:15:00Z,"In This Story
The Department of Justice (DOJ) said Wednesday that it wants Google (GOOGL-1.22%
) to sell its Chrome web browser as the government looks to break up the tech giants dominance in the … [+2482 chars]"
